﻿date,asset_ticker,asset_type,open,high,low,close,volume,merge_date,date,RSI_14,EMA_20,EMA_200,EMA_50
2025-07-28,BTC,digital_currency,119465.52,119725,119373.08,119586,94.99357372,2025-07-28,2025-07-28,59.8409,50.9950,41.2932,48.4898
2025-07-25,BTC,digital_currency,117305.1,117706,117205.92,117633.27,336.7441655,2025-07-25,2025-07-25,57.6688,50.8544,41.1823,48.3331
2025-07-24,BTC,digital_currency,118810.44,119557.7,117190,118397.04,7136.432413,2025-07-24,2025-07-24,63.3505,50.7581,41.0758,48.1928
2025-07-23,BTC,digital_currency,120034.21,120180.93,117342.21,118810.44,5526.138199,2025-07-23,2025-07-23,62.3870,50.5463,40.9583,48.0060
2025-07-22,BTC,digital_currency,117428.79,120300,116185,120026.42,7564.588529,2025-07-22,2025-07-22,64.7583,50.3417,40.8424,47.8229
2025-07-21,BTC,digital_currency,117315.68,119745.93,116565.01,117428.79,5450.554503,2025-07-21,2025-07-21,60.8791,50.0713,40.7211,47.6153
2025-07-18,BTC,digital_currency,119273.7,120918.68,116892.42,118023.05,8735.403864,2025-07-18,2025-07-18,62.3370,49.8967,40.6105,47.4474
2025-07-17,BTC,digital_currency,118681.67,120998.76,117469,119273.69,8360.351309,2025-07-17,2025-07-17,66.3246,49.6753,40.4960,47.2615
2025-07-16,BTC,digital_currency,117781.63,120134.8,117033.23,118681.68,9250.986426,2025-07-16,2025-07-16,67.0337,49.3538,40.3731,47.0383
2025-07-15,BTC,digital_currency,119863.71,119973.3,115697.37,117781.64,23726.31356,2025-07-15,2025-07-15,63.5548,48.9847,40.2476,46.8007
2025-07-14,BTC,digital_currency,119130.81,123231.07,118949.18,119863.71,13536.79955,2025-07-14,2025-07-14,72.2165,48.7084,40.1334,46.6044
2025-07-11,BTC,digital_currency,116031.29,118909.74,115211.74,117582.16,10116.88621,2025-07-11,2025-07-11,70.3528,48.2419,40.0027,46.3377
2025-07-10,BTC,digital_currency,111282.84,116842,110541.87,116031.3,12920.20743,2025-07-10,2025-07-10,64.1538,47.8063,39.8783,46.0910
2025-07-09,BTC,digital_currency,108953.58,112152.91,108329.87,111282.85,7683.832396,2025-07-09,2025-07-09,61.6860,47.5470,39.7738,45.9205
2025-07-08,BTC,digital_currency,108271.49,109255.99,107438.33,108958.04,3785.390742,2025-07-08,2025-07-08,56.2066,47.3340,39.6754,45.7715
2025-07-07,BTC,digital_currency,109217.98,109741.64,107507,108269.84,4455.08353,2025-07-07,2025-07-07,54.8499,47.2428,39.5897,45.6724
2025-07-03,BTC,digital_currency,108887.03,110590,108574.31,109628.83,6434.579216,2025-07-03,2025-07-03,57.6308,47.1747,39.5063,45.5819
2025-07-02,BTC,digital_currency,105711.77,109823.08,105119.7,108888.32,7995.792584,2025-07-02,2025-07-02,58.8564,47.0447,39.4168,45.4664
2025-07-01,BTC,digital_currency,107173.21,107579.3,105262,105711.78,5152.727602,2025-07-01,2025-07-01,50.4295,46.8768,39.3241,45.3369
2025-06-30,BTC,digital_currency,108386.44,108800,106724.76,107173.21,4839.048381,2025-06-30,2025-06-30,56.3269,46.8996,39.2504,45.2829
2025-06-27,BTC,digital_currency,107029.63,107804.2,106413.79,107113.38,6310.437157,2025-06-27,2025-06-27,54.3723,46.8101,39.1649,45.1822
2025-06-26,BTC,digital_currency,107400.22,108345,106605.88,107029.64,4900.222317,2025-06-26,2025-06-26,56.3887,46.7564,39.0830,45.0949
2025-06-25,BTC,digital_currency,106141.01,108206,105875,107400.22,7072.656363,2025-06-25,2025-06-25,56.8650,46.6581,38.9965,44.9890
2025-06-24,BTC,digital_currency,105418.4,106366.29,104681.83,106141,5773.209077,2025-06-24,2025-06-24,53.0604,46.5400,38.9082,44.8751
2025-06-23,BTC,digital_currency,100996.87,106135.47,99677.07,105419.39,8910.866766,2025-06-23,2025-06-23,47.9747,46.5074,38.8284,44.7945
2025-06-20,BTC,digital_currency,104671.4,106553.86,102357.25,103317.8,5047.636262,2025-06-20,2025-06-20,47.9747,46.5882,38.7589,44.7559
2025-06-18,BTC,digital_currency,104590.44,105603.63,103512.38,104915.6,4918.143827,2025-06-18,2025-06-18,49.0902,46.6775,38.6888,44.7157
2025-06-17,BTC,digital_currency,106853.38,107792.9,103363.3,104590.44,7688.946424,2025-06-17,2025-06-17,50.7124,46.7477,38.6152,44.6629
2025-06-16,BTC,digital_currency,105600.21,109000,104982.26,106853.38,5952.983693,2025-06-16,2025-06-16,58.6277,46.7833,38.5368,44.5916
2025-06-13,BTC,digital_currency,105716.45,106233,102746.01,106118.7,7441.524659,2025-06-13,2025-06-13,52.5294,46.6373,38.4400,44.4455
2025-06-12,BTC,digital_currency,108673.77,108853.74,105706.78,105721.05,5734.671361,2025-06-12,2025-06-12,55.9145,46.6402,38.3579,44.3572
2025-06-11,BTC,digital_currency,110300.25,110435.05,108091.74,108669.37,4603.332445,2025-06-11,2025-06-11,60.7051,46.5707,38.2681,44.2371
2025-06-10,BTC,digital_currency,110299.69,110420.08,108362.14,110300.24,5433.671694,2025-06-10,2025-06-10,62.5648,46.3982,38.1681,44.0749
2025-06-09,BTC,digital_currency,105784.41,110651.12,105368.27,110301.15,6581.247819,2025-06-09,2025-06-09,61.2014,46.1717,38.0638,43.8923
2025-06-06,BTC,digital_currency,101570.2,105439.01,101132.91,104397.99,9677.257485,2025-06-06,2025-06-06,54.0185,45.9655,37.9626,43.7193
2025-06-05,BTC,digital_currency,104753.37,105999.68,100345.73,101570.2,10627.5734,2025-06-05,2025-06-05,49.3013,45.9419,37.8799,43.6185
2025-06-04,BTC,digital_currency,105443.95,106058.47,104202,104753.38,4505.035992,2025-06-04,2025-06-04,56.2989,46.0263,37.8070,43.5564
2025-06-03,BTC,digital_currency,105909.79,106901.68,104910.01,105447.82,6486.459778,2025-06-03,2025-06-03,59.6258,45.9754,37.7195,43.4358
2025-06-02,BTC,digital_currency,105697.93,106000,103685.23,105904.94,5818.90812,2025-06-02,2025-06-02,56.2302,45.8581,37.6253,43.2866
2025-05-30,BTC,digital_currency,105572.58,106377.66,103634.48,104033.26,7866.162412,2025-05-30,2025-05-30,56.3375,45.8147,37.5384,43.1649
2025-05-29,BTC,digital_currency,107819.26,108943.35,105315,105572.58,9305.584105,2025-05-29,2025-05-29,58.8400,45.7647,37.4505,43.0373
2025-05-28,BTC,digital_currency,108978.45,109344.89,106790.16,107819.29,6474.201313,2025-05-28,2025-05-28,62.2643,45.6588,37.3568,42.8850
2025-05-27,BTC,digital_currency,109464.33,110829.42,107536.41,108978.46,8827.069178,2025-05-27,2025-05-27,70.0747,45.4745,37.2558,42.7003
2025-05-23,BTC,digital_currency,111722.54,111824.07,106800.01,107329.61,9638.234896,2025-05-23,2025-05-23,68.5482,45.1318,37.1405,42.4542
2025-05-22,BTC,digital_currency,109697.19,112000,109217.23,111722.53,11250.38756,2025-05-22,2025-05-22,75.8656,44.8110,37.0295,42.2205
2025-05-21,BTC,digital_currency,106883.24,110788.98,106128.14,109699.54,18333.91491,2025-05-21,2025-05-21,73.1574,44.3384,36.9062,41.9315
2025-05-20,BTC,digital_currency,105616.21,107355,104209.18,106883.24,8804.387248,2025-05-20,2025-05-20,71.3505,43.9361,36.7931,41.6773
2025-05-19,BTC,digital_currency,106488.77,107137.68,102105,105616.18,10104.32339,2025-05-19,2025-05-19,69.3812,43.5642,36.6858,41.4408
2025-05-16,BTC,digital_currency,103786.4,104616.71,103125.51,103500.03,6881.657081,2025-05-16,2025-05-16,67.6047,43.2278,36.5845,41.2237
2025-05-15,BTC,digital_currency,103540.91,104200,101400.01,103786.43,7563.00947,2025-05-15,2025-05-15,66.2639,42.9202,,41.0226
2025-05-14,BTC,digital_currency,104131.2,104373,102603.27,103545.38,7628.701773,2025-05-14,2025-05-14,66.6624,42.6275,,40.8317
2025-05-13,BTC,digital_currency,102800.22,105038.53,101447.78,104131.06,8727.891058,2025-05-13,2025-05-13,70.4865,42.2968,,40.6302
2025-05-12,BTC,digital_currency,104137.58,105787.37,100703.71,102800.21,11005.40674,2025-05-12,2025-05-12,67.0252,41.8596,,40.3926
2025-05-09,BTC,digital_currency,103252.2,104352.6,102330.76,102986.96,7318.604402,2025-05-09,2025-05-09,70.7026,41.5174,,40.2001
2025-05-08,BTC,digital_currency,97058.33,104176.05,96888.25,103253.49,15379.43544,2025-05-08,2025-05-08,68.5495,41.0719,,39.9736
2025-05-07,BTC,digital_currency,96843.84,97738.05,95800,97058.32,8328.698755,2025-05-07,2025-05-07,61.6026,40.6700,,39.7729
2025-05-06,BTC,digital_currency,94733.99,96916.25,93363.28,96839.17,6164.34739,2025-05-06,2025-05-06,59.5656,40.4658,,39.6571
2025-05-05,BTC,digital_currency,94272.54,95218.82,93500.01,94733.99,5181.012066,2025-05-05,2025-05-05,58.5445,40.2990,,39.5594
2025-05-02,BTC,digital_currency,96524.98,97948.56,96369.69,96929.81,5709.610121,2025-05-02,2025-05-02,65.0246,40.1442,,39.4692
2025-05-01,BTC,digital_currency,94182.55,97546.99,94136.79,96524.98,8334.026811,2025-05-01,2025-05-01,64.5034,39.8478,,39.3267
2025-04-30,BTC,digital_currency,94271.08,95263.74,92911.88,94182.54,6511.317786,2025-04-30,2025-04-30,61.0823,39.5381,,39.1853
2025-04-29,BTC,digital_currency,95042.56,95499,93761.26,94271.09,5979.944729,2025-04-29,2025-04-29,63.8882,39.3094,,39.0823
2025-04-28,BTC,digital_currency,93780.56,95652.66,92829.44,95042.57,7348.488372,2025-04-28,2025-04-28,63.1467,39.0009,,38.9534
2025-04-25,BTC,digital_currency,94021.97,95976.34,92880.01,94708.79,14148.63395,2025-04-25,2025-04-25,64.6758,38.6863,,38.8295
2025-04-24,BTC,digital_currency,93740.93,94061.02,91685.18,94021.96,9320.808618,2025-04-24,2025-04-24,62.4708,38.3059,,38.6878
2025-04-23,BTC,digital_currency,93486.57,94686,91902.19,93740.92,12538.32137,2025-04-23,2025-04-23,62.3361,37.9708,,38.5734
2025-04-22,BTC,digital_currency,87513.53,93952.62,87077.17,93489.1,19460.09433,2025-04-22,2025-04-22,59.9880,37.6056,,38.4564
2025-04-21,BTC,digital_currency,85177.33,88575.62,85135.98,87522.07,12603.75828,2025-04-21,2025-04-21,54.4780,37.2946,,38.3706
2025-04-17,BTC,digital_currency,84028.71,85494.94,83711.69,84961.97,5865.700773,2025-04-17,2025-04-17,50.8210,37.1445,,38.3563
2025-04-16,BTC,digital_currency,83622.52,85526.4,83088.02,84028.72,8246.737489,2025-04-16,2025-04-16,49.8775,37.0913,,38.3852
2025-04-15,BTC,digital_currency,84590.36,86491.4,83592.77,83629.78,6461.770244,2025-04-15,2025-04-15,49.4102,37.0609,,38.4262
2025-04-14,BTC,digital_currency,83733.07,85818.06,83655.27,84590.36,7247.023433,2025-04-14,2025-04-14,50.8568,37.0421,,38.4746
2025-04-11,BTC,digital_currency,79552.34,84299,78919.94,83380.47,9964.687031,2025-04-11,2025-04-11,49.2367,36.9728,,38.5062
2025-04-10,BTC,digital_currency,82593.15,82730.93,78387.24,79552.34,11876.12779,2025-04-10,2025-04-10,43.0004,36.9531,,38.5612
2025-04-09,BTC,digital_currency,76258.8,83583.35,74553.01,82594.75,23584.94464,2025-04-09,2025-04-09,46.4902,37.1345,,38.6971
2025-04-08,BTC,digital_currency,79140.02,80849.98,76167.35,76251.64,14917.02352,2025-04-08,2025-04-08,37.1256,37.2013,,38.7868
2025-04-07,BTC,digital_currency,78370.15,81223.67,74420.69,79140.01,26706.52931,2025-04-07,2025-04-07,38.4706,37.5393,,38.9826
2025-04-04,BTC,digital_currency,83178.68,84720.67,81643.54,83860.16,14593.03093,2025-04-04,2025-04-04,46.1808,37.8561,,39.1643
2025-04-03,BTC,digital_currency,82490.1,83953.45,81177.7,83174.33,11800.91107,2025-04-03,2025-04-03,42.5930,37.9241,,39.2441
2025-04-02,BTC,digital_currency,85166.92,88530,82283.01,82490.08,16748.28262,2025-04-02,2025-04-02,50.2686,38.0940,,39.3639
2025-04-01,BTC,digital_currency,82534.31,85566.53,82403.32,85170.37,9130.976926,2025-04-01,2025-04-01,46.7355,38.0481,,39.3979
2025-03-31,BTC,digital_currency,82379.98,83920.8,81265.16,82534.32,6887.946942,2025-03-31,2025-03-31,41.6626,38.0900,,39.4692
2025-03-28,BTC,digital_currency,87214.07,87498.15,83533.4,84381.8,10031.80009,2025-03-28,2025-03-28,43.5900,38.2585,,39.5908
2025-03-27,BTC,digital_currency,86926.01,87790.12,85784,87217.48,6904.093861,2025-03-27,2025-03-27,48.9975,38.3836,,39.6937
2025-03-26,BTC,digital_currency,87432.82,88304.1,85850,86926.01,6885.71986,2025-03-26,2025-03-26,48.1558,38.3650,,39.7400
2025-03-25,BTC,digital_currency,87518.09,88584.34,86321.97,87427.88,10153.98312,2025-03-25,2025-03-25,50.8654,38.3666,,39.7967
2025-03-24,BTC,digital_currency,86092.95,88804.64,85533.06,87523.62,13107.50392,2025-03-24,2025-03-24,51.0481,38.2915,,39.8260
2025-03-21,BTC,digital_currency,84183.41,84809.72,83100,84061.96,6257.635588,2025-03-21,2025-03-21,43.7725,38.2032,,39.8544
2025-03-20,BTC,digital_currency,86877.97,87492.87,83596.75,84183.42,9880.316963,2025-03-20,2025-03-20,44.1494,38.3099,,39.9631
2025-03-19,BTC,digital_currency,82699.53,87045.45,82535.53,86877.96,13056.0352,2025-03-19,2025-03-19,45.9241,38.4151,,40.0714
2025-03-18,BTC,digital_currency,84011.39,84029.67,81125,82698.76,7316.632966,2025-03-18,2025-03-18,40.3162,38.4704,,40.1605
2025-03-17,BTC,digital_currency,82562.5,84758.46,82416.98,84011.4,7785.977334,2025-03-17,2025-03-17,43.2241,38.6852,,40.3127
2025-03-14,BTC,digital_currency,81071.5,85318.61,80771.17,83980.49,10857.45704,2025-03-14,2025-03-14,43.4811,38.8152,,40.4296
2025-03-13,BTC,digital_currency,83659.45,84310.8,79890,81073.43,10506.80043,2025-03-13,2025-03-13,35.3978,38.9494,,40.5475
2025-03-12,BTC,digital_currency,82911.81,84442.69,80572.21,83659.43,12617.22058,2025-03-12,2025-03-12,38.5335,39.3125,,40.7535
2025-03-11,BTC,digital_currency,78548.18,83600,76555,82914.51,17096.3798,2025-03-11,2025-03-11,38.7118,39.5823,,40.9170
2025-03-10,BTC,digital_currency,80708.21,84033.66,77389,78544.71,21375.10121,2025-03-10,2025-03-10,30.9555,39.8730,,41.0842
2025-03-07,BTC,digital_currency,89915.02,91280,84608.27,86756.98,27137.20223,2025-03-07,2025-03-07,40.0960,40.3870,,41.3329
2025-03-06,BTC,digital_currency,90607.73,92817.29,87790.5,89921.85,13303.43745,2025-03-06,2025-03-06,43.1630,40.5815,,41.4469
2025-03-05,BTC,digital_currency,87247.93,91000,86329.22,90603.73,14900.93397,2025-03-05,2025-03-05,45.3330,40.6995,,41.5280
2025-03-04,BTC,digital_currency,86161.09,88977.27,81444,87249.96,23130.37099,2025-03-04,2025-03-04,37.9514,40.7647,,41.5871
2025-03-03,BTC,digital_currency,94265.47,94415.61,85007.01,86161.1,22691.67069,2025-03-03,2025-03-03,35.9172,41.0031,,41.7131
2025-02-28,BTC,digital_currency,84627.5,85116.19,78167.81,84297.73,30755.74245,2025-02-28,2025-02-28,31.9282,41.3087,,41.8606
2025-02-27,BTC,digital_currency,84111.77,86993.87,82554.11,84625.19,16836.55525,2025-02-27,2025-02-27,29.8209,41.7275,,42.0455
2025-02-26,BTC,digital_currency,88583.17,89305.68,82111.12,84111.78,21568.55463,2025-02-26,2025-02-26,30.6808,42.2325,,42.2543
2025-02-25,BTC,digital_currency,91509.88,92549.99,85836.18,88583.74,31587.91716,2025-02-25,2025-02-25,34.7889,42.7496,,42.4557
2025-02-24,BTC,digital_currency,96266.23,96515.41,91300,91510.82,12644.0435,2025-02-24,2025-02-24,42.8404,43.1401,,42.5951
2025-02-21,BTC,digital_currency,98347.2,99517.52,94721.92,96157.03,19298.23922,2025-02-21,2025-02-21,44.2297,43.2980,,42.6341
2025-02-20,BTC,digital_currency,96632.03,98768.54,96419.07,98347.2,10582.84623,2025-02-20,2025-02-20,50.8363,43.4325,,42.6592
2025-02-19,BTC,digital_currency,95612.97,96880,95000.01,96632.03,6945.448973,2025-02-19,2025-02-19,46.1449,43.4086,,42.6183
2025-02-18,BTC,digital_currency,95781.8,96730,93333,95607.4,8867.398784,2025-02-18,2025-02-18,41.5709,43.4906,,42.6179
2025-02-14,BTC,digital_currency,96625.29,98890.11,96268.56,97509.03,7744.676401,2025-02-14,2025-02-14,47.2646,43.6769,,42.6545
2025-02-13,BTC,digital_currency,97864.28,98100,95220,96625.29,6803.607893,2025-02-13,2025-02-13,45.0001,43.7366,,42.6359
2025-02-12,BTC,digital_currency,95770.95,98119.98,94066.92,97862.53,9078.503562,2025-02-12,2025-02-12,46.3556,43.8499,,42.6349
2025-02-11,BTC,digital_currency,97451.66,98500,94831.07,95774.08,7737.051057,2025-02-11,2025-02-11,42.6620,43.9405,,42.6204
2025-02-10,BTC,digital_currency,96481.47,98367.23,95257.2,97444.41,6375.725391,2025-02-10,2025-02-10,46.3676,44.1205,,42.6364
2025-02-07,BTC,digital_currency,96575.24,100235.79,95614.96,96537.08,12171.82534,2025-02-07,2025-02-07,42.6683,44.2195,,42.6142
2025-02-06,BTC,digital_currency,96635.62,99182.15,95674.96,96564.62,9168.946746,2025-02-06,2025-02-06,44.7027,44.4089,,42.6221
2025-02-05,BTC,digital_currency,97795.06,99230.49,96161.01,96638.33,9308.591859,2025-02-05,2025-02-05,45.3722,44.5615,,42.6083
2025-02-04,BTC,digital_currency,101460.15,101812.23,96145.76,97795.05,14168.70317,2025-02-04,2025-02-04,47.6940,44.7111,,42.5866
2025-02-03,BTC,digital_currency,97676.53,102599.85,91178.01,101460.2,31328.7222,2025-02-03,2025-02-03,51.9662,44.8101,,42.5383
2025-01-31,BTC,digital_currency,104742.63,106090,101506,102411.26,13313.68104,2025-01-31,2025-01-31,52.5679,44.8049,,42.4436
2025-01-30,BTC,digital_currency,103747.25,106484.77,103289.74,104742.64,13061.34881,2025-01-30,2025-01-30,59.0430,44.7833,,42.3388
2025-01-29,BTC,digital_currency,101290.01,104829.64,101275.6,103747.25,11403.20279,2025-01-29,2025-01-29,58.0713,44.5984,,42.1673
2025-01-28,BTC,digital_currency,102063.92,103770.85,100213.8,101290,9488.534295,2025-01-28,2025-01-28,53.5855,44.4266,,42.0015
2025-01-27,BTC,digital_currency,102565.28,103228.46,97715.03,102062.42,23647.14112,2025-01-27,2025-01-27,53.7819,44.3800,,41.8844
2025-01-24,BTC,digital_currency,103926.36,107200,102751.92,104850.27,12921.99361,2025-01-24,2025-01-24,60.3102,44.3231,,41.7605
2025-01-23,BTC,digital_currency,103659.6,106870.87,101200.01,103926.36,25064.865,2025-01-23,2025-01-23,58.2379,44.0929,,41.5667
2025-01-22,BTC,digital_currency,106159.27,106431.34,103100,103667.11,10730.01896,2025-01-22,2025-01-22,60.1114,43.9122,,41.3935
2025-01-21,BTC,digital_currency,102145.42,107291.1,100051,106159.26,19411.23489,2025-01-21,2025-01-21,63.5720,43.6651,,41.1948
2025-01-17,BTC,digital_currency,99981.46,105970,99937.81,104107,20518.30949,2025-01-17,2025-01-17,61.9601,43.3056,,40.9546
2025-01-16,BTC,digital_currency,100504.27,100880,97277.58,99981.78,12312.37367,2025-01-16,2025-01-16,56.7054,42.9767,,40.7311
2025-01-15,BTC,digital_currency,96534.97,100716.45,96400,100510.23,13610.74729,2025-01-15,2025-01-15,55.6385,42.8153,,40.5769
2025-01-14,BTC,digital_currency,94507.35,97353.29,94311.36,96534.96,11210.74227,2025-01-14,2025-01-14,51.3730,42.6748,,40.4311
2025-01-13,BTC,digital_currency,94507.24,95900,89028.64,94506.45,13094.86359,2025-01-13,2025-01-13,46.9824,42.6648,,40.3356
2025-01-10,BTC,digital_currency,92547.44,95862.92,92209.25,94701.18,12634.03408,2025-01-10,2025-01-10,48.5732,42.7885,,40.2885
2025-01-08,BTC,digital_currency,96941.98,97254.35,92500,95036.63,14182.29739,2025-01-08,2025-01-08,47.3143,42.8725,,40.2190
2025-01-07,BTC,digital_currency,102279.41,102735.99,96105.11,96941.98,16587.28692,2025-01-07,2025-01-07,50.7444,43.0054,,40.1623
2025-01-06,BTC,digital_currency,98347.65,102500,97900,102279.41,15173.55607,2025-01-06,2025-01-06,60.0451,43.0333,,40.0570
2025-01-03,BTC,digital_currency,96905.48,98969.92,96016.63,98136.51,9021.885382,2025-01-03,2025-01-03,54.9094,42.7905,,39.8414
2025-01-02,BTC,digital_currency,94383.59,97776.99,94177,96903.19,10912.47384,2025-01-02,2025-01-02,53.5061,42.7053,,39.6880
2024-12-31,BTC,digital_currency,92620.7,96148.94,91887.13,93354.22,10348.63257,2024-12-31,2024-12-31,49.2022,42.6575,,39.5463
2024-12-30,BTC,digital_currency,93563.35,94910.48,91271.19,92620.71,15271.24433,2024-12-30,2024-12-30,48.7928,42.7404,,39.4514
2024-12-27,BTC,digital_currency,95669.4,97340.47,93234.31,94171.89,13169.12898,2024-12-27,2024-12-27,49.0067,42.8446,,39.3576
2024-12-26,BTC,digital_currency,99358.67,99887,95083.93,95669.49,11403.37269,2024-12-26,2024-12-26,50.5051,42.9525,,39.2571
2024-12-24,BTC,digital_currency,94767.88,99444,93426.25,98594.47,13355.36314,2024-12-24,2024-12-24,55.1735,43.0180,,39.1317
2024-12-23,BTC,digital_currency,95091.15,96430.08,92360.91,94764.56,13476.98948,2024-12-23,2024-12-23,47.3201,42.9304,,38.9391
2024-12-20,BTC,digital_currency,97372.2,98132.47,92115.66,97765,21766.62386,2024-12-20,2024-12-20,52.1395,43.1115,,38.8464
2024-12-19,BTC,digital_currency,100148.6,102796.22,95539.67,97372.21,23522.12864,2024-12-19,2024-12-19,52.0185,43.1538,,38.6887
2024-12-18,BTC,digital_currency,106145.83,106528.13,99939.82,100150.73,22294.42835,2024-12-18,2024-12-18,58.6638,43.2047,,38.5262
2024-12-17,BTC,digital_currency,106099.98,108388.88,105337.97,106136.99,11994.58864,2024-12-17,2024-12-17,70.3359,43.0578,,38.2783
2024-12-16,BTC,digital_currency,104445.15,107857.79,103289.21,106099.81,22575.87903,2024-12-16,2024-12-16,69.5867,42.6113,,37.9101
2024-12-13,BTC,digital_currency,100024.75,101959.13,99220.81,101428.75,13327.59954,2024-12-13,2024-12-13,65.4703,42.1556,,37.5415
2024-12-12,BTC,digital_currency,101211.61,102595,99298.39,100030.47,14796.92457,2024-12-12,2024-12-12,63.5423,41.8446,,37.2326
2024-12-11,BTC,digital_currency,96660.75,101984.98,95722.79,101202.11,21190.23753,2024-12-11,2024-12-11,66.2175,41.5819,,36.9425
2024-12-10,BTC,digital_currency,97330.66,98338.17,94273.38,96660.76,20620.53877,2024-12-10,2024-12-10,60.5945,41.2285,,36.6161
2024-12-09,BTC,digital_currency,101175,101290.73,94220.8,97324.81,20103.05073,2024-12-09,2024-12-09,60.2580,41.0683,,36.3657
2024-12-06,BTC,digital_currency,97049.47,102104.12,96424.2,99891.35,17801.21294,2024-12-06,2024-12-06,72.0142,40.9039,,36.1100
2024-12-05,BTC,digital_currency,98746.24,104000,92055.86,97044.23,36399.81824,2024-12-05,2024-12-05,69.4117,40.4622,,35.7431
2024-12-04,BTC,digital_currency,95924.85,99263.2,94634.85,98746.24,17528.92051,2024-12-04,2024-12-04,69.4117,40.0961,,35.4085
2024-12-03,BTC,digital_currency,95862.89,96310.1,93571.3,95924.52,17898.70462,2024-12-03,2024-12-03,65.8206,39.6915,,35.0603
2024-12-02,BTC,digital_currency,97259.17,98200,94400.63,95862.89,15554.61487,2024-12-02,2024-12-02,66.0100,39.4043,,34.7599
2024-11-29,BTC,digital_currency,95665.53,98750,95383.46,97490.56,12587.02499,2024-11-29,2024-11-29,68.9095,39.0826,,34.4456
2024-11-27,BTC,digital_currency,91929.53,97386.06,91747.46,95951.19,15213.90946,2024-11-27,2024-11-27,68.5841,38.6608,,34.0928
2024-11-26,BTC,digital_currency,93001.48,95004.92,90682.58,91929.54,17848.01963,2024-11-26,2024-11-26,62.6645,38.2114,,33.7321
2024-11-25,BTC,digital_currency,98032.06,98999,92534.93,93000.01,20695.9125,2024-11-25,2024-11-25,71.4817,37.9895,,33.4632
2024-11-22,BTC,digital_currency,98439.1,99860,97209.52,99024.03,29936.62215,2024-11-22,2024-11-22,82.5620,37.5505,,33.1082
2024-11-21,BTC,digital_currency,94384.15,99073.53,94127.2,98439.09,31188.09395,2024-11-21,2024-11-21,81.9432,36.8663,,32.6616
2024-11-20,BTC,digital_currency,92445.04,94989.99,91600,94393.15,20329.03999,2024-11-20,2024-11-20,79.2717,36.1575,,32.2151
2024-11-19,BTC,digital_currency,90521.32,94105.84,90403.24,92435.89,18267.16111,2024-11-19,2024-11-19,78.0010,35.5594,,31.8223
2024-11-18,BTC,digital_currency,89877.11,92674.8,89372.65,90520.3,17340.77166,2024-11-18,2024-11-18,77.2122,34.9761,,31.4436
2024-11-15,BTC,digital_currency,87338.96,91934.62,87100.83,91058.36,20388.33115,2024-11-15,2024-11-15,77.1276,34.3789,,31.0678
2024-11-14,BTC,digital_currency,90499.4,91831.25,86672.07,87340.4,23422.75916,2024-11-14,2024-11-14,73.9885,33.7240,,30.6788
2024-11-13,BTC,digital_currency,88035.43,93495,86220.5,90493.82,42318.69092,2024-11-13,2024-11-13,79.7998,33.1844,,30.3452
2024-11-12,BTC,digital_currency,88770.74,90100,85010,88035.43,40111.80925,2024-11-12,2024-11-12,79.7258,32.4828,,29.9573
2024-11-11,BTC,digital_currency,80427.69,89666,80277.34,88770.73,35560.11867,2024-11-11,2024-11-11,78.0067,31.7126,,29.5555
2024-11-08,BTC,digital_currency,75925,77312.18,75654.26,76566.73,18378.39876,2024-11-08,2024-11-08,67.7341,30.9823,,29.1843
2024-11-07,BTC,digital_currency,75646.55,76999,74463.96,75920,21932.40208,2024-11-07,2024-11-07,67.7341,30.6647,,28.9878
2024-11-06,BTC,digital_currency,69380.64,76509.56,69285.82,75646.55,45398.11837,2024-11-06,2024-11-06,67.1653,30.3136,,28.7832
2024-11-05,BTC,digital_currency,67810.15,70557.67,67427.53,69380.73,12867.66128,2024-11-05,2024-11-05,56.4801,29.9466,,28.5784
2024-11-04,BTC,digital_currency,68736.4,69453.94,66783.77,67807.48,12431.01372,2024-11-04,2024-11-04,51.8750,29.8568,,28.4878
2024-11-01,BTC,digital_currency,70198.02,71620,68720,69467.29,15295.28781,2024-11-01,2024-11-01,56.8752,29.8575,,28.4322
2024-10-31,BTC,digital_currency,72322.91,72684.02,69559.33,70197.83,14726.7846,2024-10-31,2024-10-31,59.0515,29.7688,,28.3396
2024-10-30,BTC,digital_currency,72724.35,72948.6,71400.01,72322.91,13543.49338,2024-10-30,2024-10-30,64.2713,29.6339,,28.2290
2024-10-29,BTC,digital_currency,69924.49,73624.98,69705.76,72724.35,20616.91187,2024-10-29,2024-10-29,66.6652,29.4006,,28.0812
2024-10-28,BTC,digital_currency,67943.18,70235.98,67532.48,69924.5,16140.14014,2024-10-28,2024-10-28,61.5335,29.1060,,27.9130
2024-10-25,BTC,digital_currency,68156.84,68742.38,65500.01,66564.51,14485.49254,2024-10-25,2024-10-25,55.6655,28.9224,,27.7932
2024-10-24,BTC,digital_currency,66601.1,68800,66445.32,68156.84,10016.1983,2024-10-24,2024-10-24,60.4616,28.8511,,27.7194
2024-10-23,BTC,digital_currency,67389.7,67415.65,65149.51,66601.11,9021.171402,2024-10-23,2024-10-23,55.9282,28.6985,,27.6141
2024-10-22,BTC,digital_currency,67346.15,67800,66535,67380.08,8598.064728,2024-10-22,2024-10-22,59.4443,28.6247,,27.5412
2024-10-21,BTC,digital_currency,69014.87,69498,66802,67346.15,10226.59347,2024-10-21,2024-10-21,60.5039,28.4905,,27.4449
2024-10-18,BTC,digital_currency,67399.86,69000.62,67149.24,68426.11,11802.74442,2024-10-18,2024-10-18,62.9346,28.3263,,27.3386
2024-10-17,BTC,digital_currency,67608.45,67926.99,66629.97,67402.33,7912.226393,2024-10-17,2024-10-17,59.4796,28.1080,,27.2136
2024-10-16,BTC,digital_currency,67056.62,68399,66743,67608.44,12465.75691,2024-10-16,2024-10-16,62.5237,27.9510,,27.1162
2024-10-15,BTC,digital_currency,66065.64,67944.76,64778.44,67056.6,16324.01191,2024-10-15,2024-10-15,61.0853,27.7300,,26.9965
2024-10-14,BTC,digital_currency,62847.89,66500,62426.67,66065.65,13638.71107,2024-10-14,2024-10-14,59.2165,27.5227,,26.8861
2024-10-11,BTC,digital_currency,60279.53,63416.7,60029.98,62518.75,11454.99005,2024-10-11,2024-10-11,53.7120,27.3408,,26.7896
2024-10-10,BTC,digital_currency,60578.28,61271.59,58863.9,60279.53,10462.57962,2024-10-10,2024-10-10,44.4254,27.2662,,26.7382
2024-10-09,BTC,digital_currency,62118.44,62507.68,60255,60578.28,7582.367235,2024-10-09,2024-10-09,47.4650,27.3521,,26.7500
2024-10-08,BTC,digital_currency,62203.82,63191.05,61824.48,62122.02,6566.330347,2024-10-08,2024-10-08,50.9998,27.3892,,
2024-10-07,BTC,digital_currency,62810.93,64467.02,62113.28,62200.28,10707.15,2024-10-07,2024-10-07,54.1185,27.3670,,
2024-10-04,BTC,digital_currency,60745,62481,60454.5,62090.71,7884.218318,2024-10-04,2024-10-04,51.9351,27.2898,,
2024-10-03,BTC,digital_currency,60631.36,61474.92,59824.87,60744.99,7834.557181,2024-10-03,2024-10-03,48.2167,27.2466,,
2024-10-02,BTC,digital_currency,60792.63,62380.34,59969.2,60631.37,8764.030503,2024-10-02,2024-10-02,46.1331,27.2673,,
2024-10-01,BTC,digital_currency,63305.52,64106.75,60150.89,60790,15970.80296,2024-10-01,2024-10-01,49.8589,27.3270,,
2024-09-30,BTC,digital_currency,65600.01,65624.95,62833.95,63301.25,10629.74148,2024-09-30,2024-09-30,54.2150,27.3194,,
2024-09-27,BTC,digital_currency,65176.39,66550,64827.85,65789,9529.016881,2024-09-27,2024-09-27,60.4244,27.2319,,
2024-09-26,BTC,digital_currency,63131.13,65865,62652.99,65177.21,12789.85036,2024-09-26,2024-09-26,58.5691,27.0353,,
2024-09-25,BTC,digital_currency,64272.93,64811,62932.8,63130.89,5909.095105,2024-09-25,2024-09-25,55.1528,26.8601,,
2024-09-24,BTC,digital_currency,63338.85,64700,62689.15,64272.93,8933.464736,2024-09-24,2024-09-24,58.6833,26.7401,,
2024-09-23,BTC,digital_currency,63580.39,64739.67,62566.28,63338.87,7014.744599,2024-09-23,2024-09-23,56.3231,26.5495,,
2024-09-20,BTC,digital_currency,62956.04,64140.67,62340,63210.69,10636.10828,2024-09-20,2024-09-20,55.6168,26.3916,,
2024-09-19,BTC,digital_currency,61770.38,63891.82,61569.16,62960.14,15075.86836,2024-09-19,2024-09-19,56.4647,26.2328,,
2024-09-18,BTC,digital_currency,60317.38,61800,59174.5,61769.18,11471.50683,2024-09-18,2024-09-18,49.8373,26.0415,,
2024-09-17,BTC,digital_currency,58209.76,61373.41,57620.27,60312.6,11701.89075,2024-09-17,2024-09-17,49.5828,25.9775,,
2024-09-16,BTC,digital_currency,59122.7,59214.15,57477,58208.75,7654.109918,2024-09-16,2024-09-16,44.9107,25.9120,,
2024-09-13,BTC,digital_currency,58137.33,60670,57630.01,60543.35,11935.95545,2024-09-13,2024-09-13,48.6303,25.9343,,
2024-09-12,BTC,digital_currency,57352.92,58600,57311.15,58137.54,10175.6239,2024-09-12,2024-09-12,45.2064,25.8747,,
2024-09-11,BTC,digital_currency,57641.15,58014.35,55534.41,57352.79,11678.94297,2024-09-11,2024-09-11,43.5952,25.8773,,
2024-09-10,BTC,digital_currency,57047.82,58050.35,56377.76,57645.59,6433.213711,2024-09-10,2024-09-10,44.1986,25.9118,,
2024-09-09,BTC,digital_currency,54881.1,58119.97,54565.56,57053.9,10203.0333,2024-09-09,2024-09-09,42.4734,25.9341,,
2024-09-06,BTC,digital_currency,56156.82,56995,52530,53950.01,18495.45064,2024-09-06,2024-09-06,33.7833,25.9956,,
2024-09-05,BTC,digital_currency,57971,58326.12,55628.04,56156.82,12281.57829,2024-09-05,2024-09-05,37.3890,26.2319,,
2024-09-04,BTC,digital_currency,57460.5,58531.25,55555,57971,13715.96171,2024-09-04,2024-09-04,40.6883,26.3774,,
2024-09-03,BTC,digital_currency,59138.89,59825.7,57394.49,57468.84,8264.449712,2024-09-03,2024-09-03,40.6883,26.4434,,
2024-08-30,BTC,digital_currency,59353.12,59929.63,57700,59112.77,9382.912451,2024-08-30,2024-08-30,41.5668,26.5164,,
2024-08-29,BTC,digital_currency,59047.94,61194.09,58729.39,59364.47,10933.2204,2024-08-29,2024-08-29,42.4173,26.5708,,
2024-08-28,BTC,digital_currency,59437.68,60236.98,57851.62,59045.88,10001.1217,2024-08-28,2024-08-28,41.9763,26.6046,,
2024-08-27,BTC,digital_currency,62840.09,63226.26,58025.49,59439.64,14195.89497,2024-08-27,2024-08-27,46.6169,26.6524,,
2024-08-26,BTC,digital_currency,64250.01,64509.36,62806.8,62840,10741.96651,2024-08-26,2024-08-26,48.3911,,,
2024-08-23,BTC,digital_currency,60383.28,64987,60343.2,64086.72,17852.77117,2024-08-23,2024-08-23,49.0849,,,
2024-08-22,BTC,digital_currency,61167.54,61430.48,59750,60383.29,9608.695537,2024-08-22,2024-08-22,43.2267,,,
2024-08-21,BTC,digital_currency,59017.59,61849.98,58793.89,61163.28,13380.11102,2024-08-21,2024-08-21,45.2543,,,
2024-08-20,BTC,digital_currency,59455.81,61457.03,58571.96,59017.59,11062.0528,2024-08-20,2024-08-20,41.5324,,,
2025-07-27,BTC,digital_currency,117981.73,119800,117849.99,119465.52,4999.421807,2025-07-27,,,,,
2025-07-26,BTC,digital_currency,117633.27,118371.35,117095.73,117969.63,6974.429306,2025-07-26,,,,,
2025-07-20,BTC,digital_currency,117914.17,118921.76,116525,117312.7,2504.590321,2025-07-20,,,,,
2025-07-19,BTC,digital_currency,118023.06,118564.59,117337.59,117914.17,1700.09972,2025-07-19,,,,,
2025-07-13,BTC,digital_currency,117472.65,119500,117238.69,119130.81,3461.043031,2025-07-13,,,,,
2025-07-12,BTC,digital_currency,117582.16,118244.51,116940.82,117472.65,2397.723813,2025-07-12,,,,,
2025-07-06,BTC,digital_currency,108246.66,109736.64,107837.7,109217.98,1651.181202,2025-07-06,,,,,
2025-07-05,BTC,digital_currency,108028.6,108454.19,107783.1,108246.65,1513.154286,2025-07-05,,,,,
2025-07-04,BTC,digital_currency,109628.83,109812.94,107268.84,108028.6,3129.2186,2025-07-04,,,,,
2025-06-29,BTC,digital_currency,107352.2,108550,107230,108386.44,2154.861703,2025-06-29,,,,,
2025-06-28,BTC,digital_currency,107119.17,107599.81,106868.94,107352.2,1227.768033,2025-06-28,,,,,
2025-06-22,BTC,digital_currency,102160.36,103417,98225.01,100996.87,7872.258744,2025-06-22,,,,,
2025-06-21,BTC,digital_currency,103317.79,104013.64,100919.19,102160.03,3287.513275,2025-06-21,,,,,
2025-06-19,BTC,digital_currency,104915.6,105266.61,103916.37,104671.9,2279.05842,2025-06-19,,,,,
2025-06-15,BTC,digital_currency,105465.42,106184.13,104505.05,105599.25,1722.809452,2025-06-15,,,,,
2025-06-14,BTC,digital_currency,106114.53,106264.36,104351.72,105465.42,2256.487025,2025-06-14,,,,,
2025-06-08,BTC,digital_currency,105619.02,106548.9,105028.3,105784.4,1998.61011,2025-06-08,,,,,
2025-06-07,BTC,digital_currency,104398,106000,103969.7,105619.02,4141.101243,2025-06-07,,,,,
2025-06-01,BTC,digital_currency,104645.87,105937.46,103800.81,105697.94,2369.928916,2025-06-01,,,,,
2025-05-31,BTC,digital_currency,104033,104965.5,103110.01,104645.87,2403.608244,2025-05-31,,,,,
2025-05-26,BTC,digital_currency,109048.41,110474.41,108706.04,109464.32,4641.381174,2025-05-26,,,,,
2025-05-25,BTC,digital_currency,107794.01,109371.04,106632.35,109048.68,2996.998427,2025-05-25,,,,,
2025-05-24,BTC,digital_currency,107332.08,109517.79,106895.77,107794.01,2611.356055,2025-05-24,,,,,
2025-05-18,BTC,digital_currency,103162.53,106692.97,103130.95,106473.46,4130.608891,2025-05-18,,,,,
2025-05-17,BTC,digital_currency,103500.03,103741.98,102612,103161.07,1848.95251,2025-05-17,,,,,
2025-05-11,BTC,digital_currency,104817.83,104980.89,103360.22,104137.62,3055.228132,2025-05-11,,,,,
2025-05-10,BTC,digital_currency,102986.94,104997,102831.41,104821.19,3104.171436,2025-05-10,,,,,
2025-05-04,BTC,digital_currency,95865.47,96312.51,94151.67,94272.55,2834.396865,2025-05-04,,,,,
2025-05-03,BTC,digital_currency,96929.81,96974.78,95765.13,95861.33,2077.55676,2025-05-03,,,,,
2025-04-27,BTC,digital_currency,94666.64,95351.11,93654.77,93780.57,2304.937895,2025-04-27,,,,,
2025-04-26,BTC,digital_currency,94707.79,95273.52,93903.01,94666.64,2253.989423,2025-04-26,,,,,
2025-04-20,BTC,digital_currency,85074.59,85319.21,83972.82,85177.34,1812.143254,2025-04-20,,,,,
2025-04-19,BTC,digital_currency,84466.47,85625,84353.45,85074.99,1683.307469,2025-04-19,,,,,
2025-04-18,BTC,digital_currency,84961.97,85150.94,84287.06,84466.47,1884.076687,2025-04-18,,,,,
2025-04-13,BTC,digital_currency,85271.02,86092.99,83010,83733.07,3904.159296,2025-04-13,,,,,
2025-04-12,BTC,digital_currency,83379.64,85909.97,82765.26,85271.01,3972.492821,2025-04-12,,,,,
2025-04-06,BTC,digital_currency,83505.88,83773.58,77058.99,78370.75,11014.85948,2025-04-06,,,,,
2025-04-05,BTC,digital_currency,83859.78,84238.35,82346.61,83498.25,2836.429207,2025-04-05,,,,,
2025-03-30,BTC,digital_currency,82624.06,83508.98,81538.88,82379.98,2472.723022,2025-03-30,,,,,
2025-03-29,BTC,digital_currency,84381.81,84584.13,81608.99,82616.83,3194.243037,2025-03-29,,,,,
2025-03-23,BTC,digital_currency,83852.06,86128.99,83804.67,86092.94,3467.469453,2025-03-23,,,,,
2025-03-22,BTC,digital_currency,84061.96,84517.75,83659.69,83852.03,2108.513451,2025-03-22,,,,,
2025-03-16,BTC,digital_currency,84351.45,85092.35,81969.44,82562.57,4059.897651,2025-03-16,,,,,
2025-03-15,BTC,digital_currency,83989.86,84690.43,83612.24,84351.46,2331.920286,2025-03-15,,,,,
2025-03-09,BTC,digital_currency,86206.64,86480,80000,80699.17,7565.447496,2025-03-09,,,,,
2025-03-08,BTC,digital_currency,86753.3,86863.38,85200,86206.69,3023.247866,2025-03-08,,,,,
2025-03-02,BTC,digital_currency,86018.82,95128.88,85003.35,94265.48,16751.22973,2025-03-02,,,,,
2025-03-01,BTC,digital_currency,84297.74,86534.96,83772.54,86018.76,6852.544126,2025-03-01,,,,,
2025-02-23,BTC,digital_currency,96578.49,96679.93,95243.91,96265.98,3787.847053,2025-02-23,,,,,
2025-02-22,BTC,digital_currency,96157.03,96982.52,95767.95,96582.12,7324.023662,2025-02-22,,,,,
2025-02-17,BTC,digital_currency,96119.88,97050.64,95200,95781.8,3533.012733,2025-02-17,,,,,
2025-02-16,BTC,digital_currency,97596.54,97738.22,96057.68,96119.88,2174.293269,2025-02-16,,,,,
2025-02-15,BTC,digital_currency,97507.94,97997.85,97225.01,97596.94,1626.519291,2025-02-15,,,,,
2025-02-09,BTC,digital_currency,96476.24,97342.28,94730.67,96475.82,3417.870097,2025-02-09,,,,,
2025-02-08,BTC,digital_currency,96536.93,96919.05,95682.33,96476.25,2972.457152,2025-02-08,,,,,
2025-02-02,BTC,digital_currency,100623.88,101459.84,96179,97676.52,10366.65063,2025-02-02,,,,,
2025-02-01,BTC,digital_currency,102414.05,102781.65,100250,100623.85,3390.255557,2025-02-01,,,,,
2025-01-26,BTC,digital_currency,104729.92,105478.8,102452.24,102563,4575.366115,2025-01-26,,,,,
2025-01-25,BTC,digital_currency,104866.13,105294,104104,104733.56,3404.853083,2025-01-25,,,,,
2025-01-20,BTC,digital_currency,101217.78,109358.01,99416.27,102145.43,32342.18311,2025-01-20,,,,,
2025-01-19,BTC,digital_currency,104435.01,106314.44,99518,101211.13,13312.63686,2025-01-19,,,,,
2025-01-18,BTC,digital_currency,104107,104933.15,102233.45,104435,7835.299918,2025-01-18,,,,,
2025-01-12,BTC,digital_currency,94569.91,95383.84,93670.3,94509.62,2025.81613,2025-01-12,,,,,
2025-01-11,BTC,digital_currency,94701.48,94983.65,93804.05,94565.02,2638.699568,2025-01-11,,,,,
2025-01-09,BTC,digital_currency,95033.18,95363.26,91187,92547.44,9712.378532,2025-01-09,,,,,
2025-01-05,BTC,digital_currency,98209.85,98814,97250,98345.33,2377.921759,2025-01-05,,,,,
2025-01-04,BTC,digital_currency,98139.85,98761.02,97516.65,98209.85,2742.089606,2025-01-04,,,,,
2025-01-01,BTC,digital_currency,93347.59,94960.91,92743.63,94383.59,6871.738482,2025-01-01,,,,,
2024-12-29,BTC,digital_currency,95125.59,95170.06,92841.48,93563.35,3417.527511,2024-12-29,,,,,
2024-12-28,BTC,digital_currency,94171.7,95534.17,94002.72,95130.82,2722.659136,2024-12-28,,,,,
2024-12-25,BTC,digital_currency,98594.47,99484.92,97557.48,99346.28,5254.23706,2024-12-25,,,,,
2024-12-22,BTC,digital_currency,97230.09,97387.98,94182.98,95087.75,4933.501277,2024-12-22,,,,,
2024-12-21,BTC,digital_currency,97762.75,99596.57,96368,97230.08,6451.432714,2024-12-21,,,,,
2024-12-15,BTC,digital_currency,101400,105100,101221.34,104447.76,7796.333581,2024-12-15,,,,,
2024-12-14,BTC,digital_currency,101428.74,102650,100600,101399.99,4181.401803,2024-12-14,,,,,
2024-12-08,BTC,digital_currency,99919.2,101435.05,98729.66,101174.99,4230.352252,2024-12-08,,,,,
2024-12-07,BTC,digital_currency,99885.37,100583.27,99012.73,99929.32,4774.350878,2024-12-07,,,,,
2024-12-01,BTC,digital_currency,96464.95,97895.9,95753.42,97263.18,4039.275915,2024-12-01,,,,,
2024-11-30,BTC,digital_currency,97489.8,97509.6,96129.73,96465.42,3476.042559,2024-11-30,,,,,
2024-11-28,BTC,digital_currency,95951.19,96676.31,94671.59,95665.53,5586.552883,2024-11-28,,,,,
2024-11-24,BTC,digital_currency,97778.78,98700,95780.77,98028.18,8654.771358,2024-11-24,,,,,
2024-11-23,BTC,digital_currency,99024.03,99044.11,97215.01,97778.77,12072.47204,2024-11-23,,,,,
2024-11-17,BTC,digital_currency,90638.54,91439.82,88713.64,89886.69,5574.551228,2024-11-17,,,,,
2024-11-16,BTC,digital_currency,91058.36,91820.73,90069.21,90636.24,6598.02693,2024-11-16,,,,,
2024-11-10,BTC,digital_currency,76716.06,81534.28,76535.33,80428.92,16728.21105,2024-11-10,,,,,
2024-11-09,BTC,digital_currency,76566.72,76952.67,75758.58,76716.06,4836.570053,2024-11-09,,,,,
2024-11-03,BTC,digital_currency,69360.95,69364.65,67444,68738.18,6758.885065,2024-11-03,,,,,
2024-11-02,BTC,digital_currency,69466.64,69891.92,69000,69358.94,2203.996441,2024-11-02,,,,,
2024-10-27,BTC,digital_currency,67008.15,68261.37,66836.78,67943.19,2819.597669,2024-10-27,,,,,
2024-10-26,BTC,digital_currency,66564.51,67365.18,66331.95,67012.56,2949.21997,2024-10-26,,,,,
2024-10-20,BTC,digital_currency,68363.73,69380,68083.18,69014.86,2632.892149,2024-10-20,,,,,
2024-10-19,BTC,digital_currency,68426.11,68689.29,68005.83,68363.73,1868.869588,2024-10-19,,,,,
2024-10-13,BTC,digital_currency,63183.08,63270.18,62033,62845.3,2257.614607,2024-10-13,,,,,
2024-10-12,BTC,digital_currency,62518.75,63474.25,62464.15,63187.47,3943.90649,2024-10-12,,,,,
2024-10-06,BTC,digital_currency,62051.29,62978.75,61805.85,62810.86,2086.218218,2024-10-06,,,,,
2024-10-05,BTC,digital_currency,62090.7,62380.04,61686.34,62051.29,1783.56565,2024-10-05,,,,,
2024-09-29,BTC,digital_currency,65857.33,66059,65433.29,65600.01,2721.351977,2024-09-29,,,,,
2024-09-28,BTC,digital_currency,65787.53,66266.39,65400,65858.99,2755.226806,2024-09-28,,,,,
2024-09-22,BTC,digital_currency,63362.74,64000,62380.55,63577.66,2882.234198,2024-09-22,,,,,
2024-09-21,BTC,digital_currency,63210.94,63575.63,62755,63362.74,1960.85712,2024-09-21,,,,,
2024-09-15,BTC,digital_currency,60012.34,60402.34,58695.75,59122.33,3975.356818,2024-09-15,,,,,
2024-09-14,BTC,digital_currency,60543.35,60660,59436.8,60012.35,3147.390196,2024-09-14,,,,,
2024-09-08,BTC,digital_currency,54159.6,55315.95,53623.95,54881.11,3684.868164,2024-09-08,,,,,
2024-09-07,BTC,digital_currency,53950,54847,53733.1,54156.33,3284.577226,2024-09-07,,,,,
2024-09-02,BTC,digital_currency,57291.21,59423,57119.01,59139.83,4318.65446,2024-09-02,,,,,
2024-09-01,BTC,digital_currency,58968.37,59070.55,57200,57299,4411.053881,2024-09-01,,,,,
2024-08-31,BTC,digital_currency,59117.59,59446.99,58739.31,58968.37,1368.217751,2024-08-31,,,,,
2024-08-25,BTC,digital_currency,64179.63,65050.08,63793.74,64251.93,4012.307646,2024-08-25,,,,,
2024-08-24,BTC,digital_currency,64091.63,64529.78,63564.22,64179.63,5020.91676,2024-08-24,,,,,
2024-08-19,BTC,digital_currency,58436.2,59639.81,57820,59452.67,8539.293787,2024-08-19,,,,,
2024-08-18,BTC,digital_currency,59497.49,60284.99,58422,58437.9,4325.648172,2024-08-18,,,,,
2024-08-17,BTC,digital_currency,58888.99,59711.02,58803.45,59497.49,2787.563556,2024-08-17,,,,,
2024-08-16,BTC,digital_currency,57543.57,59871.61,57096.56,58888.99,11930.21788,2024-08-16,,,,,
2024-08-15,BTC,digital_currency,58690.62,59883.49,56120,57543.61,14506.63317,2024-08-15,,,,,
2024-08-14,BTC,digital_currency,60603.19,61827.2,58453.56,58690.62,12938.61474,2024-08-14,,,,,
2024-08-13,BTC,digital_currency,59358.78,61615.43,58402.01,60603.19,10879.76364,2024-08-13,,,,,